station_a,station_b,distance_m,distance_km,distance_mi
Station 22 - Germantown/Kingsview,Station 23 - Rockville,17998.40171584582,17.99840171584582,11.183688332541594
Station 22 - Germantown/Kingsview,Station R1 - Bethesda / Chevy Chase Rescue,24635.186844272663,24.635186844272663,15.30759542041519
Station 22 - Germantown/Kingsview,Station 16 - Silver Spring,28815.781254922207,28.815781254922207,17.90529635362123
Station 22 - Germantown/Kingsview,Station 13 - Damascus,15693.836183283462,15.693836183283462,9.751697699984256
Station 22 - Germantown/Kingsview,Station 14 - Upper Montgomery,11230.066988346696,11.230066988346696,6.978040113454113
Station 22 - Germantown/Kingsview,Station 25 - Kensington,20114.02555873025,20.114025558730248,12.498276042120422
Station 22 - Germantown/Kingsview,Station 24 - Hillandale,26192.404418209404,26.192404418209403,16.275205560905192
Station 22 - Germantown/Kingsview,Station 33 - Rockville,15245.220321347822,15.245220321347823,9.472940726996727
Station 22 - Germantown/Kingsview,Station 34 - Germantown/Milestone,5011.990476095685,5.0119904760956855,3.1143064976137387
Station 22 - Germantown/Kingsview,Station  2 - Takoma Park,31491.71008135435,31.491710081354352,19.568041438843622
Station 22 - Germantown/Kingsview,Station  4 - Sandy Spring,22226.788027375194,22.226788027375193,13.811085776176624
Station 22 - Germantown/Kingsview,Station  3 - Rockville,14151.044515252685,14.151044515252684,8.793051401846146
Station 22 - Germantown/Kingsview,Station 40 - Sandy Spring,18807.902161842878,18.80790216184288,11.68668858978744
Station 22 - Germantown/Kingsview,Station 29 - Germantown,3140.4334018937893,3.140433401893789,1.9513748470766903
Station 22 - Germantown/Kingsview,Station  9 - Hyattstown,13413.558434069924,13.413558434069925,8.334798796323176
Station 22 - Germantown/Kingsview,Station 10 - Cabin John,21240.890873541925,21.240890873541925,13.19847768627585
Station 22 - Germantown/Kingsview,Station R2 - Wheaton Rescue,23806.900226807447,23.806900226807446,14.7929219774066
Station 22 - Germantown/Kingsview,Station  5 - Kensington,23167.247378954435,23.167247378954436,14.395460124718166
Station 22 - Germantown/Kingsview,Station  1 - Silver Spring,29222.021624704834,29.222021624704833,18.157722416527996
Station 22 - Germantown/Kingsview,Station  6 - Bethesda,26459.785919419905,26.459785919419904,16.441348723094567
Station 22 - Germantown/Kingsview,Station 31 - Rockville,5831.50791455433,5.831507914554329,3.623531025408073
Station 22 - Germantown/Kingsview,Station 17 - Laytonsville,13267.715963335571,13.267715963335572,8.244176486404132
Station 22 - Germantown/Kingsview,Station 15 - Burtonsville,29981.020215538876,29.981020215538877,18.629342275821003
Station 22 - Germantown/Kingsview,Station 19 - Silver Spring,26921.447138307318,26.921447138307318,16.72821170508438
Station 22 - Germantown/Kingsview,Station  7 - Chevy Chase,26119.093077822552,26.11909307782255,16.229652005924496
Station 22 - Germantown/Kingsview,Station 26 - Bethesda,20100.378700184825,20.100378700184827,12.489796277355758
Station 22 - Germantown/Kingsview,Station  8 - Gaithersburg,6471.038925457033,6.471038925457033,4.020917172125433
Station 22 - Germantown/Kingsview,Station 20 - Bethesda,23076.204628970787,23.076204628970785,14.338888782616262
Station 22 - Germantown/Kingsview,Station 21 - Kensington,19945.50072831942,19.94550072831942,12.39355956732645
Station 22 - Germantown/Kingsview,Station 28 - Gaithersburg,11932.982495339935,11.932982495339935,7.414811560076612
Station 22 - Germantown/Kingsview,Station 27 - Public Safety Training Academy,9287.104448210044,9.287104448210044,5.7707391634169225
Station 22 - Germantown/Kingsview,Station 30 - Cabin John,17714.295677779697,17.714295677779695,11.007153024946621
Station 22 - Germantown/Kingsview,Station 32 - Travilah,10629.78910636836,10.62978910636836,6.605044730255533
Station 22 - Germantown/Kingsview,Station 12 - Hillandale,29825.436113674437,29.82543611367444,18.53266679695232
Station 22 - Germantown/Kingsview,Station 35 - Clarksburg,7864.905022030794,7.8649050220307934,4.88702541037267
Station 22 - Germantown/Kingsview,Station 11 - Glen Echo,26200.933268610668,26.20093326861067,16.28050514284744
Station 22 - Germantown/Kingsview,Station 18 - Kensington,23305.879109568552,23.30587910956855,14.481601888451786
Station 23 - Rockville,Station R1 - Bethesda / Chevy Chase Rescue,7800.251717608408,7.8002517176084085,4.846851709521649
Station 23 - Rockville,Station 16 - Silver Spring,11041.841888739707,11.041841888739707,6.861082458902327
Station 23 - Rockville,Station 13 - Damascus,26524.579699895763,26.524579699895764,16.481609711718416
Station 23 - Rockville,Station 14 - Upper Montgomery,28361.664275350748,28.361664275350748,17.623121144609698
Station 23 - Rockville,Station 25 - Kensington,5940.321401492316,5.940321401492316,3.691144591518231
Station 23 - Rockville,Station 24 - Hillandale,10475.098058891488,10.475098058891488,6.508924169656386
Station 23 - Rockville,Station 33 - Rockville,6353.0409898095295,6.3530409898095295,3.9475966541705994
Station 23 - Rockville,Station 34 - Germantown/Milestone,18368.658976765983,18.368658976765982,11.413755528194086
Station 23 - Rockville,Station  2 - Takoma Park,13501.09521233743,13.50109521233743,8.389191628599871
Station 23 - Rockville,Station  4 - Sandy Spring,13105.28226972232,13.10528226972232,8.143244868544151
Station 23 - Rockville,Station  3 - Rockville,3987.0615147644844,3.9870615147644846,2.477445166952798
Station 23 - Rockville,Station 40 - Sandy Spring,9539.769060074366,9.539769060074367,5.92773767452724
Station 23 - Rockville,Station 29 - Germantown,18525.83312871392,18.52583312871392,11.511419018378866
Station 23 - Rockville,Station  9 - Hyattstown,29625.722932665933,29.625722932665933,18.408570779563558
Station 23 - Rockville,Station 10 - Cabin John,7953.204304347762,7.9532043043477625,4.941892040699665
Station 23 - Rockville,Station R2 - Wheaton Rescue,6324.440148084705,6.324440148084705,3.929824915049054
Station 23 - Rockville,Station  5 - Kensington,5169.366844924775,5.169366844924776,3.212095639543053
Station 23 - Rockville,Station  1 - Silver Spring,11232.537574617823,11.232537574617824,6.979575264590928
Station 23 - Rockville,Station  6 - Bethesda,9535.595731086732,9.535595731086733,5.925144488118595
Station 23 - Rockville,Station 31 - Rockville,12730.60292015798,12.730602920157981,7.910429914398649
Station 23 - Rockville,Station 17 - Laytonsville,16520.922799524586,16.520922799524584,10.265625496801544
Station 23 - Rockville,Station 15 - Burtonsville,15122.399149329394,15.122399149329395,9.39662318890765
Station 23 - Rockville,Station 19 - Silver Spring,8924.005094612281,8.924005094612282,5.545119685171275
Station 23 - Rockville,Station  7 - Chevy Chase,8575.647157131647,8.575647157131646,5.328660098233595
Station 23 - Rockville,Station 26 - Bethesda,4397.2807500246,4.3972807500246,2.732343582245064
Station 23 - Rockville,Station  8 - Gaithersburg,13033.635905214196,13.033635905214195,8.09872588161027
Station 23 - Rockville,Station 20 - Bethesda,6194.442181359375,6.194442181359375,3.8490479234765065
Station 23 - Rockville,Station 21 - Kensington,2637.5230310915745,2.6375230310915745,1.6388808303827984
Station 23 - Rockville,Station 28 - Gaithersburg,10097.450144290937,10.097450144290937,6.274264634715099
Station 23 - Rockville,Station 27 - Public Safety Training Academy,13833.63355592089,13.833633555920889,8.595821375616952
Station 23 - Rockville,Station 30 - Cabin John,10012.540437821035,10.012540437821036,6.221504189173374
Station 23 - Rockville,Station 32 - Travilah,7497.157651935706,7.497157651935706,4.658517788574541
Station 23 - Rockville,Station 12 - Hillandale,12506.385136647978,12.506385136647978,7.771107442938226
Station 23 - Rockville,Station 35 - Clarksburg,23636.641259461943,23.636641259461943,14.687127959878026
Station 23 - Rockville,Station 11 - Glen Echo,10668.988643868679,10.66898864386868,6.629402193607258
Station 23 - Rockville,Station 18 - Kensington,6261.518548320071,6.261518548320071,3.8907272455858233
Station R1 - Bethesda / Chevy Chase Rescue,Station 16 - Silver Spring,8813.445275497419,8.813445275497418,5.476420998554329
Station R1 - Bethesda / Chevy Chase Rescue,Station 13 - Damascus,34318.52014614575,34.318520146145744,21.324539779031547
Station R1 - Bethesda / Chevy Chase Rescue,Station 14 - Upper Montgomery,34017.75753326615,34.01775753326615,21.137654555686137
Station R1 - Bethesda / Chevy Chase Rescue,Station 25 - Kensington,11661.599004865751,11.661599004865751,7.246181677047139
Station R1 - Bethesda / Chevy Chase Rescue,Station 24 - Hillandale,12583.169292442866,12.583169292442866,7.818818905369434
Station R1 - Bethesda / Chevy Chase Rescue,Station 33 - Rockville,9842.887862879883,9.842887862879882,6.116086966416057
Station R1 - Bethesda / Chevy Chase Rescue,Station 34 - Germantown/Milestone,25770.095092257045,25.770095092257044,16.01279471154523
Station R1 - Bethesda / Chevy Chase Rescue,Station  2 - Takoma Park,8419.968488789886,8.419968488789886,5.231925858480154
Station R1 - Bethesda / Chevy Chase Rescue,Station  4 - Sandy Spring,18927.23959195873,18.927239591958728,11.760841431017065
Station R1 - Bethesda / Chevy Chase Rescue,Station  3 - Rockville,11551.727167101388,11.551727167101388,7.17791048222219
Station R1 - Bethesda / Chevy Chase Rescue,Station 40 - Sandy Spring,16199.604057090239,16.199604057090237,10.065967286726913
Station R1 - Bethesda / Chevy Chase Rescue,Station 29 - Germantown,25675.839364855947,25.675839364855946,15.954226917834811
Station R1 - Bethesda / Chevy Chase Rescue,Station  9 - Hyattstown,37011.01672028864,37.01101672028864,22.997579585401652
Station R1 - Bethesda / Chevy Chase Rescue,Station 10 - Cabin John,5308.172098274469,5.308172098274469,3.2983452253057575
Station R1 - Bethesda / Chevy Chase Rescue,Station R2 - Wheaton Rescue,7663.1015934570205,7.663101593457021,4.761630573362202
Station R1 - Bethesda / Chevy Chase Rescue,Station  5 - Kensington,4957.593155420673,4.957593155420673,3.0805055696113897
Station R1 - Bethesda / Chevy Chase Rescue,Station  1 - Silver Spring,6567.910867379907,6.567910867379907,4.081110606172395
Station R1 - Bethesda / Chevy Chase Rescue,Station  6 - Bethesda,1833.034702897593,1.833034702897593,1.1389949587518846
Station R1 - Bethesda / Chevy Chase Rescue,Station 31 - Rockville,18917.120639065302,18.917120639065303,11.754553805193483
Station R1 - Bethesda / Chevy Chase Rescue,Station 17 - Laytonsville,24278.94471437581,24.27894471437581,15.086236823436016
Station R1 - Bethesda / Chevy Chase Rescue,Station 15 - Burtonsville,16799.13073351963,16.79913073351963,10.43849589243793
Station R1 - Bethesda / Chevy Chase Rescue,Station 19 - Silver Spring,5648.185685878147,5.648185685878147,3.509619873611948
Station R1 - Bethesda / Chevy Chase Rescue,Station  7 - Chevy Chase,2270.160626438932,2.270160626438932,1.410612415020612
Station R1 - Bethesda / Chevy Chase Rescue,Station 26 - Bethesda,4538.724041071998,4.538724041071998,2.8202323686371575
Station R1 - Bethesda / Chevy Chase Rescue,Station  8 - Gaithersburg,20470.74809590501,20.470748095905012,12.719933150342632
Station R1 - Bethesda / Chevy Chase Rescue,Station 20 - Bethesda,1634.7907710931293,1.6347907710931293,1.0158118904927282
Station R1 - Bethesda / Chevy Chase Rescue,Station 21 - Kensington,7919.180887925767,7.919180887925767,4.920750869873543
Station R1 - Bethesda / Chevy Chase Rescue,Station 28 - Gaithersburg,17897.00170030203,17.89700170030203,11.120681283990265
Station R1 - Bethesda / Chevy Chase Rescue,Station 27 - Public Safety Training Academy,21594.313922147903,21.594313922147904,13.418084587352302
Station R1 - Bethesda / Chevy Chase Rescue,Station 30 - Cabin John,10390.964603767181,10.39096460376718,6.4566460643387495
Station R1 - Bethesda / Chevy Chase Rescue,Station 32 - Travilah,14089.386974535537,14.089386974535536,8.75473918226031
Station R1 - Bethesda / Chevy Chase Rescue,Station 12 - Hillandale,11257.526747401598,11.257526747401599,6.995102816676607
Station R1 - Bethesda / Chevy Chase Rescue,Station 35 - Clarksburg,30989.556995468043,30.989556995468043,19.25601797718079
Station R1 - Bethesda / Chevy Chase Rescue,Station 11 - Glen Echo,3437.683792734447,3.437683792734447,2.136077676826363
Station R1 - Bethesda / Chevy Chase Rescue,Station 18 - Kensington,8619.81216080222,8.61981216080222,5.356102959219545
Station 16 - Silver Spring,Station 13 - Damascus,34694.19993521687,34.69419993521687,21.55797637746614
Station 16 - Silver Spring,Station 14 - Upper Montgomery,39386.951421311205,39.3869514213112,24.473916963254098
Station 16 - Silver Spring,Station 25 - Kensington,9889.258890261075,9.889258890261075,6.1449005869851785
Station 16 - Silver Spring,Station 24 - Hillandale,6189.094285488524,6.189094285488524,3.8457248950432747
Station 16 - Silver Spring,Station 33 - Rockville,16419.805200741434,16.419805200741433,10.202793933889481
Station 16 - Silver Spring,Station 34 - Germantown/Milestone,28441.074391790928,28.441074391790927,17.672464303337836
Station 16 - Silver Spring,Station  2 - Takoma Park,4413.14330397451,4.413143303974509,2.7422001163048484
Station 16 - Silver Spring,Station  4 - Sandy Spring,14875.520948557563,14.875520948557563,9.24322018695665
Station 16 - Silver Spring,Station  3 - Rockville,14678.733686497852,14.678733686497852,9.120942251313487
Station 16 - Silver Spring,Station 40 - Sandy Spring,14024.931588179004,14.024931588179005,8.714688461993834
Station 16 - Silver Spring,Station 29 - Germantown,28942.53863562593,28.94253863562593,17.984059738393984
Station 16 - Silver Spring,Station  9 - Hyattstown,39476.515789255565,39.476515789255565,24.52956968134567
Station 16 - Silver Spring,Station 10 - Cabin John,13806.165578138673,13.806165578138673,8.578753565514068
Station 16 - Silver Spring,Station R2 - Wheaton Rescue,5047.001410068733,5.0470014100687335,3.1360612833979142
Station 16 - Silver Spring,Station  5 - Kensington,6145.233933707364,6.145233933707363,3.818471335965066
Station 16 - Silver Spring,Station  1 - Silver Spring,3412.1451932906934,3.4121451932906934,2.1202087268419265
Station 16 - Silver Spring,Station  6 - Bethesda,8559.553661564825,8.559553661564825,5.318660063705972
Station 16 - Silver Spring,Station 31 - Rockville,23748.023321003395,23.748023321003394,14.75633756425189
Station 16 - Silver Spring,Station 17 - Laytonsville,24067.82750760438,24.067827507604378,14.955054672962635
Station 16 - Silver Spring,Station 15 - Burtonsville,8933.287018272466,8.933287018272466,5.55088720514226
Station 16 - Silver Spring,Station 19 - Silver Spring,3171.5504858833892,3.1715504858833894,1.9707101066542574
Station 16 - Silver Spring,Station  7 - Chevy Chase,6711.779558424852,6.711779558424852,4.1705064662526175
Station 16 - Silver Spring,Station 26 - Bethesda,11311.196804605675,11.311196804605675,7.02845184410895
Station 16 - Silver Spring,Station  8 - Gaithersburg,23246.717579970227,23.246717579970227,14.44484061827069
Station 16 - Silver Spring,Station 20 - Bethesda,9038.63829543753,9.03863829543753,5.616349453838041
Station 16 - Silver Spring,Station 21 - Kensington,8870.648008318825,8.870648008318826,5.5119651288468
Station 16 - Silver Spring,Station 28 - Gaithersburg,18887.71951623291,18.887719516232913,11.736284794446005
Station 16 - Silver Spring,Station 27 - Public Safety Training Academy,22991.423092794674,22.991423092794673,14.286207978402798
Station 16 - Silver Spring,Station 30 - Cabin John,18467.6057138712,18.467605713871198,11.475238180197147
Station 16 - Silver Spring,Station 32 - Travilah,18509.824998005657,18.50982499800566,11.501472027115183
Station 16 - Silver Spring,Station 12 - Hillandale,2510.0231545311094,2.5100231545311096,1.5596560800743093
Station 16 - Silver Spring,Station 35 - Clarksburg,33657.52653671764,33.65752653671764,20.913817391879945
Station 16 - Silver Spring,Station 11 - Glen Echo,11561.294724524592,11.561294724524592,7.1838554867850455
Station 16 - Silver Spring,Station 18 - Kensington,5762.201992907676,5.762201992907676,3.5804663222453845
Station 13 - Damascus,Station 14 - Upper Montgomery,21549.655991246498,21.5496559912465,13.390335435585243
Station 13 - Damascus,Station 25 - Kensington,24828.384147263085,24.828384147263083,15.427642658911385
Station 13 - Damascus,Station 24 - Hillandale,29668.05023354511,29.66805023354511,18.434871744975037
Station 13 - Damascus,Station 33 - Rockville,27261.593764873764,27.261593764873762,16.93956901996948
Station 13 - Damascus,Station 34 - Germantown/Milestone,11011.923446405552,11.011923446405552,6.842492000719269
Station 13 - Damascus,Station  2 - Takoma Park,38597.10480523594,38.597104805235944,23.983129029738787
Station 13 - Damascus,Station  4 - Sandy Spring,21761.763462570467,21.761763462570467,13.522132907924263
Station 13 - Damascus,Station  3 - Rockville,22866.155096083054,22.866155096083055,14.208370053936916
Station 13 - Damascus,Station 40 - Sandy Spring,20843.172982707092,20.84317298270709,12.951347246273693
Station 13 - Damascus,Station 29 - Germantown,12600.3636860175,12.600363686017499,7.8295030062047015
Station 13 - Damascus,Station  9 - Hyattstown,9504.931933300897,9.504931933300897,5.906090887529886
Station 13 - Damascus,Station 10 - Cabin John,32869.41716585256,32.86941716585256,20.424108932492096
Station 13 - Damascus,Station R2 - Wheaton Rescue,30008.452503407905,30.008452503407906,18.64638790923998
Station 13 - Damascus,Station  5 - Kensington,30855.736190175518,30.855736190175516,19.172865583850015
Station 13 - Damascus,Station  1 - Silver Spring,36524.24164520177,36.52424164520177,22.69511157664351
Station 13 - Damascus,Station  6 - Bethesda,36058.36678330124,36.05836678330124,22.40563035827097
Station 13 - Damascus,Station 31 - Rockville,19610.075052913402,19.610075052913402,12.1851357154924
Station 13 - Damascus,Station 17 - Laytonsville,10630.716885980271,10.630716885980272,6.605621225779119
Station 13 - Damascus,Station 15 - Burtonsville,31524.379425432664,31.524379425432663,19.588341228123173
Station 13 - Damascus,Station 19 - Silver Spring,34140.62615534327,34.14062615534327,21.214001577874754
Station 13 - Damascus,Station  7 - Chevy Chase,34949.51229056476,34.94951229056476,21.71662012010158
Station 13 - Damascus,Station 26 - Bethesda,30331.306846872412,30.331306846872412,18.84700029755752
Station 13 - Damascus,Station  8 - Gaithersburg,14891.524977276924,14.891524977276925,9.2531646293626
Station 13 - Damascus,Station 20 - Bethesda,32698.757126088745,32.69875712608874,20.318065700116783
Station 13 - Damascus,Station 21 - Kensington,27095.051139392377,27.09505113939238,16.836084230215775
Station 13 - Damascus,Station 28 - Gaithersburg,16460.061808842067,16.460061808842067,10.227808230460402
Station 13 - Damascus,Station 27 - Public Safety Training Academy,12783.60581177263,12.78360581177263,7.94336438435327
Station 13 - Damascus,Station 30 - Cabin John,31006.558031766,31.006558031765998,19.26658193137452
Station 13 - Damascus,Station 32 - Travilah,21679.32734147239,21.67932734147239,13.470909477074132
Station 13 - Damascus,Station 12 - Hillandale,34559.27573626004,34.55927573626004,21.474138367098668
Station 13 - Damascus,Station 35 - Clarksburg,9089.311518205244,9.089311518205244,5.647836334683724
Station 13 - Damascus,Station 11 - Glen Echo,36949.066781871494,36.949066781871494,22.959085678308362
Station 13 - Damascus,Station 18 - Kensington,29066.931818246616,29.066931818246616,18.061354078585197
Station 14 - Upper Montgomery,Station 25 - Kensington,31186.205494303038,31.18620549430304,19.37820968935357
Station 14 - Upper Montgomery,Station 24 - Hillandale,37264.6394396156,37.2646394396156,23.155173436888322
Station 14 - Upper Montgomery,Station 33 - Rockville,24178.807400529364,24.178807400529365,15.024014381343804
Station 14 - Upper Montgomery,Station 34 - Germantown/Milestone,14549.365515532636,14.549365515532635,9.040556596683267
Station 14 - Upper Montgomery,Station  2 - Takoma Park,41606.90892239273,41.606908922392726,25.853334602417338
Station 14 - Upper Montgomery,Station  4 - Sandy Spring,33395.42754026936,33.39542754026936,20.75095662597267
Station 14 - Upper Montgomery,Station  3 - Rockville,24786.64859262907,24.78664859262907,15.401709387569761
Station 14 - Upper Montgomery,Station 40 - Sandy Spring,30036.51588289297,30.03651588289297,18.663825684808824
Station 14 - Upper Montgomery,Station 29 - Germantown,12832.424867237542,12.832424867237542,7.973699139051403
Station 14 - Upper Montgomery,Station  9 - Hyattstown,13906.484309872298,13.906484309872297,8.641088735455128
Station 14 - Upper Montgomery,Station 10 - Cabin John,29711.831287066372,29.71183128706637,18.46207603039895
Station 14 - Upper Montgomery,Station R2 - Wheaton Rescue,34484.6407123499,34.4846407123499,21.427762313308964
Station 14 - Upper Montgomery,Station  5 - Kensington,33463.670672624256,33.463670672624254,20.79336094248604
Station 14 - Upper Montgomery,Station  1 - Silver Spring,39357.95437843185,39.35795437843185,24.455899036148796
Station 14 - Upper Montgomery,Station  6 - Bethesda,35766.15785518657,35.76615785518657,22.224060148225963
Station 14 - Upper Montgomery,Station 31 - Rockville,15639.074516036771,15.639074516036771,9.717670377518274
Station 14 - Upper Montgomery,Station 17 - Laytonsville,23505.634390191746,23.505634390191748,14.605724065328323
Station 14 - Upper Montgomery,Station 15 - Burtonsville,41168.23729797103,41.168237297971025,25.580756692149738
Station 14 - Upper Montgomery,Station 19 - Silver Spring,37183.21220965267,37.18321220965267,23.104576901925675
Station 14 - Upper Montgomery,Station  7 - Chevy Chase,35812.546325989366,35.812546325989366,22.252884607634766
Station 14 - Upper Montgomery,Station 26 - Bethesda,29559.882331123565,29.559882331123564,18.36765932648555
Station 14 - Upper Montgomery,Station  8 - Gaithersburg,17691.302312704636,17.691302312704636,10.992865610276382
Station 14 - Upper Montgomery,Station 20 - Bethesda,32600.069876284728,32.60006987628473,20.256744286047436
Station 14 - Upper Montgomery,Station 21 - Kensington,30579.280213898455,30.579280213898457,19.001083804269598
Station 14 - Upper Montgomery,Station 28 - Gaithersburg,23154.03279261528,23.15403279261528,14.387248961449682
Station 14 - Upper Montgomery,Station 27 - Public Safety Training Academy,20197.777838810485,20.197777838810484,12.550317296246474
Station 14 - Upper Montgomery,Station 30 - Cabin John,25115.946346063207,25.115946346063208,15.606325525222205
Station 14 - Upper Montgomery,Station 32 - Travilah,20877.127440648757,20.877127440648756,12.972445568286679
Station 14 - Upper Montgomery,Station 12 - Hillandale,40622.1769141219,40.622176914121894,25.241450500403825
Station 14 - Upper Montgomery,Station 35 - Clarksburg,12678.845194108337,12.678845194108337,7.878269154455689
Station 14 - Upper Montgomery,Station 11 - Glen Echo,34857.72143160762,34.85772143160762,21.659583924634894
Station 14 - Upper Montgomery,Station 18 - Kensington,34099.77620971168,34.09977620971168,21.188618598454823
Station 25 - Kensington,Station 24 - Hillandale,6081.82646713164,6.08182646713164,3.7790717628621597
Station 25 - Kensington,Station 33 - Rockville,12047.352099378275,12.047352099378275,7.485877537293627
Station 25 - Kensington,Station 34 - Germantown/Milestone,18951.34514532172,18.95134514532172,11.775819927449769
Station 25 - Kensington,Station  2 - Takoma Park,13806.817238249643,13.806817238249643,8.579158488334155
Station 25 - Kensington,Station  4 - Sandy Spring,7415.844773936289,7.415844773936289,4.607992308627794
Station 25 - Kensington,Station  3 - Rockville,7084.406798657605,7.0844067986576045,4.40204629877615
Station 25 - Kensington,Station 40 - Sandy Spring,4646.675027685525,4.646675027685524,2.887310001892401
Station 25 - Kensington,Station 29 - Germantown,19701.788556271746,19.701788556271744,12.242123844418437
Station 25 - Kensington,Station  9 - Hyattstown,29764.14377394241,29.76414377394241,18.494581502738015
Station 25 - Kensington,Station 10 - Cabin John,13567.16436015861,13.567164360158609,8.430245093751621
Station 25 - Kensington,Station R2 - Wheaton Rescue,5267.092857281247,5.267092857281248,3.2728197683535942
Station 25 - Kensington,Station  5 - Kensington,6929.726766916492,6.929726766916492,4.305932583037866
Station 25 - Kensington,Station  1 - Silver Spring,11824.344442587479,11.824344442587478,7.347307003715476
Station 25 - Kensington,Station  6 - Bethesda,12955.037184218303,12.955037184218304,8.049886900636722
Station 25 - Kensington,Station 31 - Rockville,15916.403792548344,15.916403792548344,9.889994800706589
Station 25 - Kensington,Station 17 - Laytonsville,14218.180976572232,14.218180976572231,8.834768064858869
Station 25 - Kensington,Station 15 - Burtonsville,10210.593521536628,10.210593521536628,6.344568669928012
Station 25 - Kensington,Station 19 - Silver Spring,9517.766262932515,9.517766262932515,5.914065770234651
Station 25 - Kensington,Station  7 - Chevy Chase,11285.935990941643,11.285935990941644,7.012755502205646
Station 25 - Kensington,Station 26 - Bethesda,9875.068902791432,9.875068902791432,6.136083337553334
Station 25 - Kensington,Station  8 - Gaithersburg,14005.911227225444,14.005911227225445,8.702869757631335
Station 25 - Kensington,Station 20 - Bethesda,10402.477593934267,10.402477593934266,6.4637999047650885
Station 25 - Kensington,Station 21 - Kensington,3979.7990308170733,3.979799030817073,2.472932468643791
Station 25 - Kensington,Station 28 - Gaithersburg,9149.94059902206,9.14994059902206,5.685509498915123
Station 25 - Kensington,Station 27 - Public Safety Training Academy,13235.076487734601,13.2350764877346,8.223895256535956
Station 25 - Kensington,Station 30 - Cabin John,15935.098245375484,15.935098245375483,9.901610995148014
Station 25 - Kensington,Station 32 - Travilah,11068.493551191708,11.068493551191708,6.877643034175234
Station 25 - Kensington,Station 12 - Hillandale,10125.420843880118,10.125420843880118,6.291644821666541
Station 25 - Kensington,Station 35 - Clarksburg,24064.755120971666,24.064755120971665,14.953145580417651
Station 25 - Kensington,Station 11 - Glen Echo,15036.381433803286,15.036381433803287,9.34317425845766
Station 25 - Kensington,Station 18 - Kensington,4259.888271559055,4.259888271559055,2.646971854096486
Station 24 - Hillandale,Station 33 - Rockville,16800.349938065432,16.80034993806543,10.439253471020137
Station 24 - Hillandale,Station 34 - Germantown/Milestone,24841.778774832597,24.841778774832598,15.435965694613827
Station 24 - Hillandale,Station  2 - Takoma Park,10598.422927109064,10.598422927109064,6.585554690053254
Station 24 - Hillandale,Station  4 - Sandy Spring,8839.04981310537,8.83904981310537,5.492330920614467
Station 24 - Hillandale,Station  3 - Rockville,12867.245503501483,12.867245503501483,7.99533567932119
Station 24 - Hillandale,Station 40 - Sandy Spring,8857.89222519054,8.857892225190541,5.5040390526764575
Station 24 - Hillandale,Station 29 - Germantown,25695.40727715428,25.69540727715428,15.966385854829223
Station 24 - Hillandale,Station  9 - Hyattstown,35401.14778819397,35.401147788193974,21.997253407720144
Station 24 - Hillandale,Station 10 - Cabin John,16392.881358311406,16.392881358311406,10.186064233819124
Station 24 - Hillandale,Station R2 - Wheaton Rescue,5099.9200875000915,5.099920087500092,3.1689434250850606
Station 24 - Hillandale,Station  5 - Kensington,7916.987279522606,7.916987279522606,4.919387824804769
Station 24 - Hillandale,Station  1 - Silver Spring,9352.763768478075,9.352763768478075,5.811537973533362
Station 24 - Hillandale,Station  6 - Bethesda,13118.796769582905,13.118796769582906,8.151642389435015
Station 24 - Hillandale,Station 31 - Rockville,21920.31096678595,21.92031096678595,13.620649759644891
Station 24 - Hillandale,Station 17 - Laytonsville,19102.520953513646,19.102520953513647,11.869756219623428
Station 24 - Hillandale,Station 15 - Burtonsville,4680.040641869169,4.680040641869169,2.9080424333574233
Station 24 - Hillandale,Station 19 - Silver Spring,7858.916163362307,7.8589161633623075,4.883304106121691
Station 24 - Hillandale,Station  7 - Chevy Chase,11132.703864422896,11.132703864422895,6.91754147306163
Station 24 - Hillandale,Station 26 - Bethesda,12984.886124795645,12.984886124795645,8.068434172430285
Station 24 - Hillandale,Station  8 - Gaithersburg,20029.492754084567,20.02949275408457,12.445749792514569
Station 24 - Hillandale,Station 20 - Bethesda,12003.985265331683,12.003985265331682,7.458930635918537
Station 24 - Hillandale,Station 21 - Kensington,7841.805986314726,7.841805986314727,4.872672335010244
Station 24 - Hillandale,Station 28 - Gaithersburg,14958.594294308363,14.958594294308362,9.294839570848968
Station 24 - Hillandale,Station 27 - Public Safety Training Academy,18945.706673793415,18.945706673793413,11.772316343673829
Station 24 - Hillandale,Station 30 - Cabin John,20033.587011507116,20.033587011507116,12.448293846130545
Station 24 - Hillandale,Station 32 - Travilah,16926.81856307301,16.926818563073013,10.517837431321713
Station 24 - Hillandale,Station 12 - Hillandale,5057.968798261691,5.05796879826169,3.142876102475102
Station 24 - Hillandale,Station 35 - Clarksburg,29852.84315777517,29.85284315777517,18.549696744620896
Station 24 - Hillandale,Station 11 - Glen Echo,15912.612226141213,15.912612226141214,9.887638830567742
Station 24 - Hillandale,Station 18 - Kensington,4489.991972911137,4.489991972911137,2.7899516653438523
Station 33 - Rockville,Station 34 - Germantown/Milestone,17325.458002526528,17.325458002526528,10.765540495087768
Station 33 - Rockville,Station  2 - Takoma Park,17753.24896525136,17.753248965251363,11.031357475624453
Station 33 - Rockville,Station  4 - Sandy Spring,18649.576571374917,18.64957657137492,11.588309628876683
Station 33 - Rockville,Station  3 - Rockville,6121.014498253004,6.121014498253004,3.8034220764814752
Station 33 - Rockville,Station 40 - Sandy Spring,14708.732954391198,14.708732954391198,9.139582932170622
Station 33 - Rockville,Station 29 - Germantown,16800.37093489534,16.80037093489534,10.439266517845372
Station 33 - Rockville,Station  9 - Hyattstown,28252.260258219078,28.252260258219078,17.555140640049036
Station 33 - Rockville,Station 10 - Cabin John,6014.18055899799,6.014180558997991,3.737038544275177
Station 33 - Rockville,Station R2 - Wheaton Rescue,12307.02979657299,12.307029796572989,7.647233777596952
Station 33 - Rockville,Station  5 - Kensington,10287.00921852649,10.287009218526489,6.39205118267225
Station 33 - Rockville,Station  1 - Silver Spring,15582.519113652195,15.582519113652195,9.68252847971111
Station 33 - Rockville,Station  6 - Bethesda,11588.7284345922,11.5887284345922,7.200902003917248
Station 33 - Rockville,Station 31 - Rockville,9415.669220352132,9.415669220352132,5.850625609162573
Station 33 - Rockville,Station 17 - Laytonsville,18676.123288399223,18.676123288399225,11.604804994084063
Station 33 - Rockville,Station 15 - Burtonsville,21462.97389407927,21.46297389407927,13.336473677522811
Station 33 - Rockville,Station 19 - Silver Spring,13676.339779574595,13.676339779574596,8.498083554277143
Station 33 - Rockville,Station  7 - Chevy Chase,11724.685534577626,11.724685534577626,7.285381829228323
Station 33 - Rockville,Station 26 - Bethesda,5469.31687508742,5.46931687508742,3.39847594739684
Station 33 - Rockville,Station  8 - Gaithersburg,12432.219568936458,12.432219568936459,7.725023095706361
Station 33 - Rockville,Station 20 - Bethesda,8475.670562623465,8.475670562623465,5.266537522508218
Station 33 - Rockville,Station 21 - Kensington,8964.418247384167,8.964418247384167,5.570231254091211
Station 33 - Rockville,Station 28 - Gaithersburg,12255.637822998548,12.255637822998548,7.615300285705572
Station 33 - Rockville,Station 27 - Public Safety Training Academy,14740.074059664155,14.740074059664156,9.159057392120115
Station 33 - Rockville,Station 30 - Cabin John,4382.019652429252,4.3820196524292525,2.7228607758373924
Station 33 - Rockville,Station 32 - Travilah,5583.0906841755905,5.58309068417559,3.469171714795339
Station 33 - Rockville,Station 12 - Hillandale,18280.86669387796,18.28086669387796,11.359203932706718
Station 33 - Rockville,Station 35 - Clarksburg,22284.944382751037,22.284944382751036,13.84722246005269
Station 33 - Rockville,Station 11 - Glen Echo,10974.25846506686,10.97425846506686,6.819088066359249
Station 33 - Rockville,Station 18 - Kensington,12462.966341811623,12.462966341811624,7.744128254625253
Station 34 - Germantown/Milestone,Station  2 - Takoma Park,31662.67826127195,31.66267826127195,19.67427614063367
Station 34 - Germantown/Milestone,Station  4 - Sandy Spring,19401.88383526022,19.40188383526022,12.055771690365901
Station 34 - Germantown/Milestone,Station  3 - Rockville,14385.892805138355,14.385892805138356,8.938979363727304
Station 34 - Germantown/Milestone,Station 40 - Sandy Spring,16565.173877397992,16.565173877397992,10.29312184181753
Station 34 - Germantown/Milestone,Station 29 - Germantown,1961.2338077549985,1.9612338077549984,1.2186541893808895
Station 34 - Germantown/Milestone,Station  9 - Hyattstown,11262.417368774046,11.262417368774045,6.9981417079095865
Station 34 - Germantown/Milestone,Station 10 - Cabin John,23260.136929580058,23.260136929580057,14.4531790155368
Station 34 - Germantown/Milestone,Station R2 - Wheaton Rescue,23406.272624542715,23.406272624542716,14.543983526544178
Station 34 - Germantown/Milestone,Station  5 - Kensington,23366.780990516,23.366780990516,14.519444562825598
Station 34 - Germantown/Milestone,Station  1 - Silver Spring,29425.004986373704,29.425004986373704,18.283850429972524
Station 34 - Germantown/Milestone,Station  6 - Bethesda,27595.480223267114,27.595480223267113,17.147036446693257
Station 34 - Germantown/Milestone,Station 31 - Rockville,8750.671111574202,8.750671111574201,5.437414941475658
Station 34 - Germantown/Milestone,Station 17 - Laytonsville,8961.307879307373,8.961307879307373,5.568298560971037
Station 34 - Germantown/Milestone,Station 15 - Burtonsville,28095.717107609184,28.095717107609183,17.45786923591798
Station 34 - Germantown/Milestone,Station 19 - Silver Spring,27034.24783793748,27.03424783793748,16.79830281029878
Station 34 - Germantown/Milestone,Station  7 - Chevy Chase,26901.574717494506,26.901574717494505,16.71586355527128
Station 34 - Germantown/Milestone,Station 26 - Bethesda,21377.92598739093,21.377925987390928,13.283627358346585
Station 34 - Germantown/Milestone,Station  8 - Gaithersburg,5335.373640739742,5.335373640739742,3.3152474801780984
Station 34 - Germantown/Milestone,Station 20 - Bethesda,24144.290245914566,24.144290245914565,15.002566415828166
Station 34 - Germantown/Milestone,Station 21 - Kensington,19783.077693715357,19.783077693715356,12.292634572667717
Station 34 - Germantown/Milestone,Station 28 - Gaithersburg,9886.962030117198,9.886962030117198,6.143473384259175
Station 34 - Germantown/Milestone,Station 27 - Public Safety Training Academy,6099.26933043359,6.099269330433589,3.7899102556281252
Station 34 - Germantown/Milestone,Station 30 - Cabin John,20605.56548911098,20.60556548911098,12.803704794693353
Station 34 - Germantown/Milestone,Station 32 - Travilah,11911.212001298916,11.911212001298916,7.401284002238748
Station 34 - Germantown/Milestone,Station 12 - Hillandale,29043.199579177068,29.043199579177067,18.04660754890009
Station 34 - Germantown/Milestone,Station 35 - Clarksburg,5271.415630799336,5.2714156307993365,3.275505815288301
Station 34 - Germantown/Milestone,Station 11 - Glen Echo,27871.100605547585,27.871100605547586,17.318299012235784
Station 34 - Germantown/Milestone,Station 18 - Kensington,22709.00781402991,22.70900781402991,14.110723259930698
Station  2 - Takoma Park,Station  4 - Sandy Spring,19265.685132091505,19.265685132091505,11.971141739796776
Station  2 - Takoma Park,Station  3 - Rockville,17432.8179229193,17.432817922919302,10.83225085682073
Station  2 - Takoma Park,Station 40 - Sandy Spring,18180.82267512934,18.180822675129342,11.297039461500674
Station  2 - Takoma Park,Station 29 - Germantown,31966.12052153772,31.966120521537718,19.8628264196702
Station  2 - Takoma Park,Station  9 - Hyattstown,42847.327642613265,42.847327642613266,26.62409506147428
Station  2 - Takoma Park,Station 10 - Cabin John,13718.10320227168,13.718103202271681,8.524034142030343
Station  2 - Takoma Park,Station R2 - Wheaton Rescue,8588.876314011759,8.58887631401176,5.336880315216485
Station  2 - Takoma Park,Station  5 - Kensington,8347.31560105942,8.34731560105942,5.186781447011589
Station  2 - Takoma Park,Station  1 - Silver Spring,2269.701666030744,2.269701666030744,1.4103272302445866
Station  2 - Takoma Park,Station  6 - Bethesda,7281.208462452905,7.281208462452906,4.524333183242927
Station  2 - Takoma Park,Station 31 - Rockville,26086.84779164761,26.08684779164761,16.20961571400994
Station  2 - Takoma Park,Station 17 - Laytonsville,28013.401845689234,28.013401845689234,17.40672090347945
Station  2 - Takoma Park,Station 15 - Burtonsville,12871.017319882161,12.871017319882162,7.997679377362553
Station  2 - Takoma Park,Station 19 - Silver Spring,4628.801418370396,4.628801418370396,2.8762038559626757
Station  2 - Takoma Park,Station  7 - Chevy Chase,6199.975662145125,6.199975662145125,3.8524862690295705
Station  2 - Takoma Park,Station 26 - Bethesda,12295.078502267377,12.295078502267376,7.639807587605494
Station  2 - Takoma Park,Station  8 - Gaithersburg,26364.229334583255,26.364229334583253,16.38197261404849
Station  2 - Takoma Park,Station 20 - Bethesda,9394.452847531516,9.394452847531516,5.837442366288076
Station  2 - Takoma Park,Station 21 - Kensington,11889.25017733091,11.88925017733091,7.387637557496042
Station  2 - Takoma Park,Station 28 - Gaithersburg,22457.785400932673,22.45778540093267,13.954620889587728
Station  2 - Takoma Park,Station 27 - Public Safety Training Academy,26527.165018611027,26.527165018611026,16.483216154290833
Station  2 - Takoma Park,Station 30 - Cabin John,18806.87449198838,18.806874491988378,11.686050025344723
Station  2 - Takoma Park,Station 32 - Travilah,20914.108438305117,20.914108438305117,12.995424494890537
Station  2 - Takoma Park,Station 12 - Hillandale,6194.099230377389,6.194099230377389,3.848834823615951
Station  2 - Takoma Park,Station 35 - Clarksburg,36926.81369698442,36.92681369698442,22.945258252421123
Station  2 - Takoma Park,Station 11 - Glen Echo,9993.208526452627,9.993208526452626,6.20949189635816
Station  2 - Takoma Park,Station 18 - Kensington,9547.688091581913,9.547688091581913,5.932658332576449
Station  4 - Sandy Spring,Station  3 - Rockville,12766.60650542637,12.76660650542637,7.932801505101688
Station  4 - Sandy Spring,Station 40 - Sandy Spring,4069.6488655153803,4.06964886551538,2.5287625675526053
Station  4 - Sandy Spring,Station 29 - Germantown,20766.39251116934,20.76639251116934,12.903638073133735
Station  4 - Sandy Spring,Station  9 - Hyattstown,28710.358816122385,28.710358816122387,17.83978988713562
Station  4 - Sandy Spring,Station 10 - Cabin John,20936.81942430014,20.936819424300143,13.009536447335151
Station  4 - Sandy Spring,Station R2 - Wheaton Rescue,11704.005362888205,11.704005362888205,7.272531766289994
Station  4 - Sandy Spring,Station  5 - Kensington,14027.286314502673,14.027286314502673,8.716151621096964
Station  4 - Sandy Spring,Station  1 - Silver Spring,17717.15523077727,17.71715523077727,11.008929868801989
Station  4 - Sandy Spring,Station  6 - Bethesda,20060.597765465736,20.060597765465737,12.465077550521041
Station  4 - Sandy Spring,Station 31 - Rockville,19687.77149168192,19.68777149168192,12.23341404428259
Station  4 - Sandy Spring,Station 17 - Laytonsville,11732.971149296323,11.732971149296324,7.290530271524498
Station  4 - Sandy Spring,Station 15 - Burtonsville,9770.626009668931,9.77062600966893,6.071185532533089
Station  4 - Sandy Spring,Station 19 - Silver Spring,15748.46382895974,15.748463828959741,9.785641745307244
Station  4 - Sandy Spring,Station  7 - Chevy Chase,18244.618481222802,18.2446184812228,11.336680337592709
Station  4 - Sandy Spring,Station 26 - Bethesda,17253.096145078052,17.253096145078054,10.7205769214525
Station  4 - Sandy Spring,Station  8 - Gaithersburg,15771.754977882068,15.771754977882068,9.800114194281688
Station  4 - Sandy Spring,Station 20 - Bethesda,17760.891266661685,17.760891266661684,11.036106181563223
Station  4 - Sandy Spring,Station 21 - Kensington,11394.78214478877,11.39478214478877,7.080389366592084
Station  4 - Sandy Spring,Station 28 - Gaithersburg,10361.31081397464,10.36131081397464,6.438220053621003
Station  4 - Sandy Spring,Station 27 - Public Safety Training Academy,13341.322835343417,13.341322835343417,8.289913676220507
Station  4 - Sandy Spring,Station 30 - Cabin John,22837.146339436917,22.837146339436917,14.190344848234384
Station  4 - Sandy Spring,Station 32 - Travilah,15971.251382562217,15.971251382562217,9.924075513104853
Station  4 - Sandy Spring,Station 12 - Hillandale,13876.356487186782,13.876356487186783,8.622368174353515
Station  4 - Sandy Spring,Station 35 - Clarksburg,23771.747969575114,23.771747969575113,14.77107937742031
Station  4 - Sandy Spring,Station 11 - Glen Echo,22344.723137099445,22.344723137099447,13.884367255912624
Station  4 - Sandy Spring,Station 18 - Kensington,10613.89912271589,10.613899122715889,6.595171152168765
Station  3 - Rockville,Station 40 - Sandy Spring,8735.517197534491,8.735517197534492,5.427998735841741
Station  3 - Rockville,Station 29 - Germantown,14549.478555583604,14.549478555583605,9.040626836514507
Station  3 - Rockville,Station  9 - Hyattstown,25645.87283591365,25.64587283591365,15.935606580018723
Station  3 - Rockville,Station 10 - Cabin John,10359.019099537376,10.359019099537376,6.436796048288853
Station  3 - Rockville,Station R2 - Wheaton Rescue,9709.192370735802,9.709192370735803,6.0330124390657325
Station  3 - Rockville,Station  5 - Kensington,9085.732775644028,9.085732775644027,5.645612607151751
Station  3 - Rockville,Station  1 - Silver Spring,15169.896817795272,15.169896817795273,9.426136871790787
Station  3 - Rockville,Station  6 - Bethesda,13346.042060791675,13.346042060791675,8.292846066963728
Station  3 - Rockville,Station 31 - Rockville,9190.646952161727,9.190646952161726,5.710803254097152
Station  3 - Rockville,Station 17 - Laytonsville,13286.088944615332,13.286088944615333,8.255592927686891
Station  3 - Rockville,Station 15 - Burtonsville,17249.376798114154,17.249376798114152,10.718265826395198
Station  3 - Rockville,Station 19 - Silver Spring,12823.29697813208,12.823296978132081,7.968027331715333
Station  3 - Rockville,Station  7 - Chevy Chase,12527.017407121863,12.527017407121862,7.783927741441148
Station  3 - Rockville,Station 26 - Bethesda,7473.298793202616,7.473298793202616,4.643692581078139
Station  3 - Rockville,Station  8 - Gaithersburg,9050.531791845679,9.050531791845678,5.623739729881043
Station  3 - Rockville,Station 20 - Bethesda,9917.552444845302,9.9175524448453,6.162481386729811
Station  3 - Rockville,Station 21 - Kensington,5814.024483018088,5.8140244830180885,3.6126673247099985
Station  3 - Rockville,Station 28 - Gaithersburg,6712.418016066659,6.7124180160666596,4.1709031854387
Station  3 - Rockville,Station 27 - Public Safety Training Academy,10089.857803031191,10.08985780303119,6.269546972574658
Station  3 - Rockville,Station 30 - Cabin John,10489.828728247197,10.489828728247197,6.518077383236397
Station  3 - Rockville,Station 32 - Travilah,4063.535833676665,4.0635358336766645,2.524964105670798
Station  3 - Rockville,Station 12 - Hillandale,15836.722610046494,15.836722610046493,9.840483209336533
Station  3 - Rockville,Station 35 - Clarksburg,19652.02719102518,19.65202719102518,12.211203565567821
Station  3 - Rockville,Station 11 - Glen Echo,14084.920287362029,14.08492028736203,8.751963711525956
Station  3 - Rockville,Station 18 - Kensington,9322.042560475526,9.322042560475525,5.792448699889847
Station 40 - Sandy Spring,Station 29 - Germantown,17701.940874381085,17.701940874381087,10.999476106028968
Station 40 - Sandy Spring,Station  9 - Hyattstown,26697.70651198682,26.69770651198682,16.589185725355684
Station 40 - Sandy Spring,Station 10 - Cabin John,17488.35049370706,17.48835049370706,10.866757196539124
Station 40 - Sandy Spring,Station R2 - Wheaton Rescue,9810.465426420264,9.810465426420263,6.095940598417904
Station 40 - Sandy Spring,Station  5 - Kensington,11564.803828988399,11.5648038289884,7.186035943209406
Station 40 - Sandy Spring,Station  1 - Silver Spring,16310.546294127493,16.310546294127494,10.134903596824229
Station 40 - Sandy Spring,Station  6 - Bethesda,17563.11105582156,17.563111055821558,10.913211256152543
Station 40 - Sandy Spring,Station 31 - Rockville,15802.836603965716,15.802836603965716,9.819427421337958
Station 40 - Sandy Spring,Station 17 - Laytonsville,10248.985925983525,10.248985925983526,6.368424604052039
Station 40 - Sandy Spring,Station 15 - Burtonsville,11546.720293624101,11.546720293624102,7.174799355280227
Station 40 - Sandy Spring,Station 19 - Silver Spring,14070.735417741374,14.070735417741375,8.74314964217804
Station 40 - Sandy Spring,Station  7 - Chevy Chase,15926.57576060498,15.92657576060498,9.89631536862534
Station 40 - Sandy Spring,Station 26 - Bethesda,13867.79183786958,13.867791837869579,8.617046347996189
Station 40 - Sandy Spring,Station  8 - Gaithersburg,12348.59305398975,12.34859305398975,7.673059988411272
Station 40 - Sandy Spring,Station 20 - Bethesda,14852.33047544208,14.85233047544208,9.228810295028335
Station 40 - Sandy Spring,Station 21 - Kensington,8316.469245860068,8.316469245860068,5.167614410505192
Station 40 - Sandy Spring,Station 28 - Gaithersburg,6895.458581164003,6.895458581164003,4.284639319601031
Station 40 - Sandy Spring,Station 27 - Public Safety Training Academy,10489.225278168024,10.489225278168023,6.517702416741246
Station 40 - Sandy Spring,Station 30 - Cabin John,18967.548840235784,18.967548840235786,11.78588843667717
Station 40 - Sandy Spring,Station 32 - Travilah,11911.886776902196,11.911886776902197,7.401703288359851
Station 40 - Sandy Spring,Station 12 - Hillandale,13718.472477432138,13.718472477432138,8.52426359897706
Station 40 - Sandy Spring,Station 35 - Clarksburg,21336.02087318548,21.33602087318548,13.257588727571905
Station 40 - Sandy Spring,Station 11 - Glen Echo,19518.036826285672,19.518036826285673,12.127945812881318
Station 40 - Sandy Spring,Station 18 - Kensington,8745.330286248118,8.745330286248118,5.434096306475258
Station 29 - Germantown,Station  9 - Hyattstown,11455.183481283619,11.455183481283619,7.117921017062616
Station 29 - Germantown,Station 10 - Cabin John,22801.073311745527,22.801073311745526,14.167930108010175
Station 29 - Germantown,Station R2 - Wheaton Rescue,23895.565090784956,23.895565090784956,14.848015769645865
Station 29 - Germantown,Station  5 - Kensington,23625.495830859858,23.625495830859858,14.680202511619553
Station 29 - Germantown,Station  1 - Silver Spring,29708.9089140376,29.7089089140376,18.460260151985903
Station 29 - Germantown,Station  6 - Bethesda,27508.58428844523,27.508584288445228,17.093041816072404
Station 29 - Germantown,Station 31 - Rockville,7735.21522466978,7.73521522466978,4.806439906365438
Station 29 - Germantown,Station 17 - Laytonsville,10776.274542754092,10.776274542754091,6.6960665605079415
Station 29 - Germantown,Station 15 - Burtonsville,29156.649221351105,29.156649221351106,18.11710188831667
Station 29 - Germantown,Station 19 - Silver Spring,27343.87194382134,27.34387194382134,16.990694310117252
Station 29 - Germantown,Station  7 - Chevy Chase,26950.73166371315,26.950731663713153,16.746408265549906
Station 29 - Germantown,Station 26 - Bethesda,21203.451308960957,21.203451308960958,13.17521381939533
Station 29 - Germantown,Station  8 - Gaithersburg,5716.442848473715,5.716442848473714,3.5520329081126936
Station 29 - Germantown,Station 20 - Bethesda,24068.525853272786,24.068525853272785,14.955488604843206
Station 29 - Germantown,Station 21 - Kensington,20158.08512999886,20.15808512999886,12.525653390449065
Station 29 - Germantown,Station 28 - Gaithersburg,10862.538777975125,10.862538777975125,6.7496686711946765
Station 29 - Germantown,Station 27 - Public Safety Training Academy,7439.216694743684,7.439216694743684,4.6225149469247615
Station 29 - Germantown,Station 30 - Cabin John,19776.644499486847,19.776644499486846,12.288637171100055
Station 29 - Germantown,Station 32 - Travilah,11619.839706146278,11.619839706146278,7.220233651814826
Station 29 - Germantown,Station 12 - Hillandale,29700.598070272463,29.700598070272463,18.45509603308706
Station 29 - Germantown,Station 35 - Clarksburg,5498.029964658696,5.498029964658697,3.416317434096561
Station 29 - Germantown,Station 11 - Glen Echo,27572.536759460407,27.572536759460405,17.13278003923363
Station 29 - Germantown,Station 18 - Kensington,23269.201939806015,23.269201939806013,14.458811751748547
Station  9 - Hyattstown,Station 10 - Cabin John,34255.8332371554,34.2558332371554,21.28558793965454
Station  9 - Hyattstown,Station R2 - Wheaton Rescue,34478.48285787192,34.47848285787192,21.423935999930354
Station  9 - Hyattstown,Station  5 - Kensington,34589.00563741414,34.58900563741414,21.49261167122389
Station  9 - Hyattstown,Station  1 - Silver Spring,40624.4047743803,40.6244047743803,25.24283482858873
Station  9 - Hyattstown,Station  6 - Bethesda,38839.518625431665,38.839518625431666,24.13375799420861
Station  9 - Hyattstown,Station 31 - Rockville,19040.701946804023,19.040701946804024,11.831343669721342
Station  9 - Hyattstown,Station 17 - Laytonsville,16992.511735103795,16.992511735103797,10.558657275948333
Station  9 - Hyattstown,Station 15 - Burtonsville,38134.30050865198,38.134300508651975,23.69555577219785
Station  9 - Hyattstown,Station 19 - Silver Spring,38224.396781658936,38.22439678165894,23.751539000772322
Station  9 - Hyattstown,Station  7 - Chevy Chase,38163.99016887142,38.16399016887142,23.71400407176553
Station  9 - Hyattstown,Station 26 - Bethesda,32584.73249193751,32.58473249193751,20.247214077249804
Station  9 - Hyattstown,Station  8 - Gaithersburg,16596.21522735554,16.59621522735554,10.312410042449308
Station  9 - Hyattstown,Station 20 - Bethesda,35389.364851096376,35.389364851096374,21.989931830047755
Station  9 - Hyattstown,Station 21 - Kensington,30958.21101547637,30.95821101547637,19.236540488221515
Station  9 - Hyattstown,Station 28 - Gaithersburg,20621.903293972977,20.621903293972977,12.813856635978993
Station  9 - Hyattstown,Station 27 - Public Safety Training Academy,16529.100684731307,16.529100684731308,10.270706999082426
Station  9 - Hyattstown,Station 30 - Cabin John,31075.4262003275,31.0754262003275,19.309374627380784
Station  9 - Hyattstown,Station 32 - Travilah,23034.86187959146,23.03486187959146,14.31319958914406
Station  9 - Hyattstown,Station 12 - Hillandale,39885.726500040175,39.88572650004018,24.78384142858219
Station  9 - Hyattstown,Station 35 - Clarksburg,6022.696897767547,6.022696897767547,3.742330351849913
Station  9 - Hyattstown,Station 11 - Glen Echo,39009.91425810071,39.009914258100714,24.239636931632212
Station  9 - Hyattstown,Station 18 - Kensington,33716.29521399479,33.71629521399479,20.950334554945858
Station 10 - Cabin John,Station R2 - Wheaton Rescue,11302.841157531513,11.302841157531514,7.023259885724564
Station 10 - Cabin John,Station  5 - Kensington,8537.77413904819,8.53777413904819,5.305126895833451
Station 10 - Cabin John,Station  1 - Silver Spring,11861.951366957623,11.861951366957623,7.370674863147731
Station 10 - Cabin John,Station  6 - Bethesda,6616.483692815232,6.6164836928152315,4.111292360623478
Station 10 - Cabin John,Station 31 - Rockville,15409.520197619773,15.409520197619774,9.575031937000276
Station 10 - Cabin John,Station 17 - Laytonsville,23637.47002181764,23.63747002181764,14.687642928931067
Station 10 - Cabin John,Station 15 - Burtonsville,20944.49143960875,20.94449143960875,13.014303616634324
Station 10 - Cabin John,Station 19 - Silver Spring,10660.928291595115,10.660928291595114,6.624393722905181
Station 10 - Cabin John,Station  7 - Chevy Chase,7570.10412332213,7.57010412332213,4.70384462446943
Station 10 - Cabin John,Station 26 - Bethesda,3692.581507709408,3.692581507709408,2.294463773878927
Station 10 - Cabin John,Station  8 - Gaithersburg,18221.207661339435,18.221207661339434,11.322133528530529
Station 10 - Cabin John,Station 20 - Bethesda,4771.797781331699,4.771797781331699,2.965057676501543
Station 10 - Cabin John,Station 21 - Kensington,9623.24298068611,9.62324298068611,5.979605964098483
Station 10 - Cabin John,Station 28 - Gaithersburg,17063.968261651895,17.063968261651894,10.603058303042666
Station 10 - Cabin John,Station 27 - Public Safety Training Academy,20145.72118874419,20.14572118874419,12.5179707935309
Station 10 - Cabin John,Station 30 - Cabin John,5160.633863259854,5.160633863259854,3.206669216314134
Station 10 - Cabin John,Station 32 - Travilah,11375.09699767805,11.375096997678051,7.068157583262528
Station 10 - Cabin John,Station 12 - Hillandale,16127.223213990419,16.12722321399042,10.020991915954836
Station 10 - Cabin John,Station 35 - Clarksburg,28276.440888797606,28.276440888797605,17.570165787300667
Station 10 - Cabin John,Station 11 - Glen Echo,5145.960368879675,5.145960368879675,3.1975515296168346
Station 10 - Cabin John,Station 18 - Kensington,11962.574967696743,11.962574967696742,7.433199469906212
Station R2 - Wheaton Rescue,Station  5 - Kensington,2827.6226138968823,2.827622613896882,1.7570032347943523
Station R2 - Wheaton Rescue,Station  1 - Silver Spring,6559.371052633571,6.559371052633571,4.075804211301978
Station R2 - Wheaton Rescue,Station  6 - Bethesda,8490.841642574704,8.490841642574704,5.2759643945450465
Station R2 - Wheaton Rescue,Station 31 - Rockville,18857.75922142391,18.85775922142391,11.717668330340752
Station R2 - Wheaton Rescue,Station 17 - Laytonsville,19432.883259869726,19.432883259869726,12.07503383979418
Station R2 - Wheaton Rescue,Station 15 - Burtonsville,9657.074767118975,9.657074767118974,6.000628061569792
Station R2 - Wheaton Rescue,Station 19 - Silver Spring,4262.249632245386,4.262249632245386,2.648439135601454
Station R2 - Wheaton Rescue,Station  7 - Chevy Chase,6590.801915410052,6.590801915410052,4.095334443978448
Station R2 - Wheaton Rescue,Station 26 - Bethesda,7977.666683356042,7.977666683356042,4.957092258309002
Station R2 - Wheaton Rescue,Station  8 - Gaithersburg,18200.508971250398,18.200508971250397,11.309271958792152
Station R2 - Wheaton Rescue,Station 20 - Bethesda,6933.745065890877,6.933745065890878,4.308429438262346
Station R2 - Wheaton Rescue,Station 21 - Kensington,3905.986111052103,3.905986111052103,2.4270672466869128
Station R2 - Wheaton Rescue,Station 28 - Gaithersburg,13943.16133204315,13.94316133204315,8.663878780449146
Station R2 - Wheaton Rescue,Station 27 - Public Safety Training Academy,18037.661995437455,18.037661995437453,11.20808353927902
Station R2 - Wheaton Rescue,Station 30 - Cabin John,15151.337354607045,15.151337354607046,9.414604556022233
Station R2 - Wheaton Rescue,Station 32 - Travilah,13635.891373389137,13.635891373389137,8.472950079901585
Station R2 - Wheaton Rescue,Station 12 - Hillandale,6192.901599780515,6.192901599780515,3.8480906504641115
Station R2 - Wheaton Rescue,Station 35 - Clarksburg,28633.291915753613,28.633291915753613,17.791902735371437
Station R2 - Wheaton Rescue,Station 11 - Glen Echo,11075.227230933326,11.075227230933326,6.881827148784427
Station R2 - Wheaton Rescue,Station 18 - Kensington,1097.2824236840393,1.0972824236840393,0.6818196878256229
Station  5 - Kensington,Station  1 - Silver Spring,6084.551916794162,6.084551916794162,3.780765278768344
Station  5 - Kensington,Station  6 - Bethesda,6051.15949228314,6.05115949228314,3.760016188138235
Station  5 - Kensington,Station 31 - Rockville,17859.009784459013,17.859009784459012,11.097074201947509
Station  5 - Kensington,Station 17 - Laytonsville,20459.15275877808,20.45915275877808,12.712728141887675
Station  5 - Kensington,Station 15 - Burtonsville,12411.133691319306,12.411133691319307,7.711920938792021
Station  5 - Kensington,Station 19 - Silver Spring,3754.6587257753235,3.7546587257753234,2.333036768879322
Station  5 - Kensington,Station  7 - Chevy Chase,4364.697962423376,4.364697962423376,2.7120975766668756
Station  5 - Kensington,Station 26 - Bethesda,5412.004480374581,5.4120044803745815,3.362863676364147
Station  5 - Kensington,Station  8 - Gaithersburg,18049.99316318493,18.04999316318493,11.215745771683945
Station  5 - Kensington,Station 20 - Bethesda,4108.948902776517,4.1089489027765165,2.5531824785605295
Station  5 - Kensington,Station 21 - Kensington,3761.429766524639,3.761429766524639,2.3372440985424117
Station  5 - Kensington,Station 28 - Gaithersburg,14458.351431796322,14.458351431796322,8.984003066961645
Station  5 - Kensington,Station 27 - Public Safety Training Academy,18442.835065362022,18.442835065362022,11.459846412800509
Station  5 - Kensington,Station 30 - Cabin John,12659.545065890761,12.659545065890761,7.866276610774801
Station  5 - Kensington,Station 32 - Travilah,12642.288301685197,12.642288301685197,7.855553754626231
Station  5 - Kensington,Station 12 - Hillandale,8046.750449980463,8.046750449980463,5.000018920740663
Station  5 - Kensington,Station 35 - Clarksburg,28637.08302364421,28.63708302364421,17.794258420601317
Station  5 - Kensington,Station 11 - Glen Echo,8395.096016419804,8.395096016419805,5.216470820669667
Station  5 - Kensington,Station 18 - Kensington,3688.5664830717838,3.6885664830717837,2.2919689532329843
Station  1 - Silver Spring,Station  6 - Bethesda,5766.972743779434,5.766972743779434,3.5834307294024357
Station  1 - Silver Spring,Station 31 - Rockville,23823.78844208432,23.823788442084318,14.80341582786795
Station  1 - Silver Spring,Station 17 - Laytonsville,25975.563654928003,25.975563654928003,16.140466957299374
Station  1 - Silver Spring,Station 15 - Burtonsville,12343.57421663678,12.34357421663678,7.669941427461612
Station  1 - Silver Spring,Station 19 - Silver Spring,2408.8387132836215,2.4088387132836213,1.4967829831804893
Station  1 - Silver Spring,Station  7 - Chevy Chase,4297.772957426753,4.297772957426753,2.6705123065216343
Station  1 - Silver Spring,Station 26 - Bethesda,10149.542104295315,10.149542104295314,6.306633078008999
Station  1 - Silver Spring,Station  8 - Gaithersburg,24118.95112212099,24.11895112212099,14.986821414266304
Station  1 - Silver Spring,Station 20 - Bethesda,7341.415339076955,7.341415339076955,4.561744001951699
Station  1 - Silver Spring,Station 21 - Kensington,9671.990238585293,9.671990238585293,6.0098961058575995
Station  1 - Silver Spring,Station 28 - Gaithersburg,20298.702924516307,20.298702924516306,12.613029237078155
Station  1 - Silver Spring,Station 27 - Public Safety Training Academy,24351.008411644638,24.35100841164464,15.131015128924977
Station  1 - Silver Spring,Station 30 - Cabin John,16862.976689627758,16.862976689627757,10.478167930304371
Station  1 - Silver Spring,Station 32 - Travilah,18646.216682562008,18.64621668256201,11.586221890759221
Station  1 - Silver Spring,Station 12 - Hillandale,5785.818083698349,5.7858180836983495,3.59514068073597
Station  1 - Silver Spring,Station 35 - Clarksburg,34692.03052553172,34.69203052553172,21.556628368783628
Station  1 - Silver Spring,Station 11 - Glen Echo,8700.853941109075,8.700853941109076,5.4064599868698515
Station  1 - Silver Spring,Station 18 - Kensington,7581.130205619638,7.581130205619639,4.710695914372339
Station  6 - Bethesda,Station 31 - Rockville,20730.750774766067,20.73075077476607,12.881491324891426
Station  6 - Bethesda,Station 17 - Laytonsville,25941.967120718607,25.94196712071861,16.119591038782637
Station  6 - Bethesda,Station 15 - Burtonsville,17057.66874045592,17.05766874045592,10.599143962046597
Station  6 - Bethesda,Station 19 - Silver Spring,5554.518896846284,5.554518896846284,3.4514180292381766
Station  6 - Bethesda,Station  7 - Chevy Chase,1990.6472855751465,1.9906472855751465,1.2369308771618415
Station  6 - Bethesda,Station 26 - Bethesda,6359.51304087468,6.35951304087468,3.951618200257173
Station  6 - Bethesda,Station  8 - Gaithersburg,22291.3704370777,22.291370437077703,13.85121542509103
Station  6 - Bethesda,Station 20 - Bethesda,3451.223468431629,3.451223468431629,2.1444908412568284
Station  6 - Bethesda,Station 21 - Kensington,9394.934218107046,9.394934218107046,5.8377414760965
Station  6 - Bethesda,Station 28 - Gaithersburg,19614.78131143827,19.61478131143827,12.188060048962974
Station  6 - Bethesda,Station 27 - Public Safety Training Academy,23359.892826099753,23.359892826099752,14.515164455889948
Station  6 - Bethesda,Station 30 - Cabin John,11776.060394935572,11.776060394935572,7.317304687459966
Station  6 - Bethesda,Station 32 - Travilah,15921.791403463614,15.921791403463613,9.89334250692432
Station  6 - Bethesda,Station 12 - Hillandale,11067.074387223072,11.067074387223073,6.876761206568062
Station  6 - Bethesda,Station 35 - Clarksburg,32818.538001724264,32.818538001724264,20.392494085617656
Station  6 - Bethesda,Station 11 - Glen Echo,3002.0595368315257,3.002059536831526,1.8653933135684637
Station  6 - Bethesda,Station 18 - Kensington,9531.460234661183,9.531460234661182,5.922574809774158
Station 31 - Rockville,Station 17 - Laytonsville,13796.43821725946,13.79643821725946,8.572709263687228
Station 31 - Rockville,Station 15 - Burtonsville,26100.529459625533,26.100529459625534,16.218117108353177
Station 31 - Rockville,Station 19 - Silver Spring,21597.56609204448,21.597566092044477,13.420105392038295
Station 31 - Rockville,Station  7 - Chevy Chase,20502.604868698418,20.502604868698416,12.739728031234103
Station 31 - Rockville,Station 26 - Bethesda,14379.114504351066,14.379114504351065,8.934767522885764
Station 31 - Rockville,Station  8 - Gaithersburg,5595.777269674201,5.595777269674201,3.477054793552032
Station 31 - Rockville,Station 20 - Bethesda,17389.63228785057,17.38963228785057,10.805416547270546
Station 31 - Rockville,Station 21 - Kensington,14951.906491861735,14.951906491861735,9.29068396306926
Station 31 - Rockville,Station 28 - Gaithersburg,9629.745505459598,9.629745505459598,5.983646445669538
Station 31 - Rockville,Station 27 - Public Safety Training Academy,9139.900007124077,9.139900007124076,5.679270564356705
Station 31 - Rockville,Station 30 - Cabin John,12055.483767833177,12.055483767833177,7.490930321816328
Station 31 - Rockville,Station 32 - Travilah,5238.451013644469,5.238451013644469,3.255022551825134
Station 31 - Rockville,Station 12 - Hillandale,25016.49867778136,25.01649867778136,15.544531609016692
Station 31 - Rockville,Station 35 - Clarksburg,13200.347839687473,13.200347839687472,8.20231587509412
Station 31 - Rockville,Station 11 - Glen Echo,20379.666890966862,20.379666890966863,12.6633379134398
Station 31 - Rockville,Station 18 - Kensington,18511.17738745387,18.51117738745387,11.502312362958989
Station 17 - Laytonsville,Station 15 - Burtonsville,21309.747768993624,21.309747768993624,13.241263377496436
Station 17 - Laytonsville,Station 19 - Silver Spring,23610.92029598835,23.61092029598835,14.671145694138948
Station 17 - Laytonsville,Station  7 - Chevy Chase,24673.58270871755,24.67358270871755,15.331453504482292
Station 17 - Laytonsville,Station 26 - Bethesda,20652.670061335582,20.65267006133558,12.832974218896384
Station 17 - Laytonsville,Station  8 - Gaithersburg,8219.003890746433,8.219003890746434,5.107052246596398
Station 17 - Laytonsville,Station 20 - Bethesda,22700.15086360842,22.70015086360842,14.10521980608771
Station 17 - Laytonsville,Station 21 - Kensington,16724.053237212953,16.724053237212953,10.391844899047657
Station 17 - Laytonsville,Station 28 - Gaithersburg,6574.261477773744,6.574261477773744,4.085056692524248
Station 17 - Laytonsville,Station 27 - Public Safety Training Academy,4657.205247549955,4.657205247549955,2.8938531771640834
Station 17 - Laytonsville,Station 30 - Cabin John,22890.902856502864,22.890902856502866,14.223747599334178
Station 17 - Laytonsville,Station 32 - Travilah,13430.531065427722,13.430531065427722,8.345345100505375
Station 17 - Laytonsville,Station 12 - Hillandale,23946.67189769492,23.94667189769492,14.879772067186952
Station 17 - Laytonsville,Station 35 - Clarksburg,12372.460792096566,12.372460792096566,7.6878907132947125
Station 17 - Laytonsville,Station 11 - Glen Echo,27168.2625382157,27.1682625382157,16.881575684387986
Station 17 - Laytonsville,Station 18 - Kensington,18469.279260508483,18.469279260508483,11.476278073866421
Station 15 - Burtonsville,Station 19 - Silver Spring,11530.269372166435,11.530269372166435,7.164577226600674
Station 15 - Burtonsville,Station  7 - Chevy Chase,15079.866623187867,15.079866623187867,9.370194702430224
Station 15 - Burtonsville,Station 26 - Bethesda,17616.123424196463,17.616123424196463,10.946151614692981
Station 15 - Burtonsville,Station  8 - Gaithersburg,23630.80121645694,23.63080121645694,14.683499125393292
Station 15 - Burtonsville,Station 20 - Bethesda,16416.589502735318,16.416589502735317,10.200795791785547
Station 15 - Burtonsville,Station 21 - Kensington,12498.649176073088,12.498649176073087,7.766300539892706
Station 15 - Burtonsville,Station 28 - Gaithersburg,18294.115422732408,18.294115422732407,11.367436311150636
Station 15 - Burtonsville,Station 27 - Public Safety Training Academy,22033.708010523344,22.033708010523345,13.691111415908185
Station 15 - Burtonsville,Station 30 - Cabin John,24705.90156357062,24.70590156357062,15.35153550985409
Station 15 - Burtonsville,Station 32 - Travilah,21270.334775922744,21.270334775922745,13.216773279002341
Station 15 - Burtonsville,Station 12 - Hillandale,6688.434361092862,6.688434361092861,4.156000433153422
Station 15 - Burtonsville,Station 35 - Clarksburg,32873.23787914035,32.873237879140355,20.426483013662928
Station 15 - Burtonsville,Station 11 - Glen Echo,19983.12570551306,19.98312570551306,12.416938644263166
Station 15 - Burtonsville,Station 18 - Kensington,9151.625252214131,9.151625252214131,5.686556293877587
Station 19 - Silver Spring,Station  7 - Chevy Chase,3618.1601803166254,3.6181601803166252,2.2482205049489887
Station 19 - Silver Spring,Station 26 - Bethesda,8376.100279338723,8.376100279338724,5.2046674168721685
Station 19 - Silver Spring,Station  8 - Gaithersburg,21735.708056186064,21.735708056186063,13.505942828994959
Station 19 - Silver Spring,Station 20 - Bethesda,5908.9647209151635,5.908964720915163,3.6716604535234003
Station 19 - Silver Spring,Station 21 - Kensington,7267.629828908468,7.2676298289084675,4.515895811528466
Station 19 - Silver Spring,Station 28 - Gaithersburg,17891.86581022978,17.89186581022978,11.117489989852873
Station 19 - Silver Spring,Station 27 - Public Safety Training Academy,21942.27883415627,21.94227883415627,13.6342999595837
Station 19 - Silver Spring,Station 30 - Cabin John,15416.494321966247,15.416494321966248,9.579365456960256
Station 19 - Silver Spring,Station 32 - Travilah,16389.817815921917,16.389817815921916,10.184160636832098
Station 19 - Silver Spring,Station 12 - Hillandale,5614.13468127894,5.61413468127894,3.4884615602872597
Station 19 - Silver Spring,Station 35 - Clarksburg,32299.049445121706,32.2990494451217,20.069698861847872
Station 19 - Silver Spring,Station 11 - Glen Echo,8530.344464466902,8.530344464466902,5.3005103100809405
Station 19 - Silver Spring,Station 18 - Kensington,5328.905974033285,5.328905974033285,3.311228658405714
Station  7 - Chevy Chase,Station 26 - Bethesda,6266.80815871752,6.26680815871752,3.894014057104957
Station  7 - Chevy Chase,Station  8 - Gaithersburg,21568.962710677904,21.568962710677905,13.402332074856528
Station  7 - Chevy Chase,Station 20 - Bethesda,3255.1929694008663,3.2551929694008663,2.0226831363592037
Station  7 - Chevy Chase,Station 21 - Kensington,7967.763596904058,7.967763596904058,4.950938765673503
Station  7 - Chevy Chase,Station 28 - Gaithersburg,18492.318868874245,18.492318868874246,11.490594222785337
Station  7 - Chevy Chase,Station 27 - Public Safety Training Academy,22360.610839831646,22.360610839831647,13.894239416701243
Station  7 - Chevy Chase,Station 30 - Cabin John,12615.296466633989,12.615296466633989,7.838781805899788
Station  7 - Chevy Chase,Station 32 - Travilah,15495.942245188886,15.495942245188886,9.628732107733887
Station  7 - Chevy Chase,Station 12 - Hillandale,9201.668073621673,9.201668073621674,5.717651461478511
Station  7 - Chevy Chase,Station 35 - Clarksburg,32159.096451523757,32.15909645152376,19.982736103358732
Station  7 - Chevy Chase,Station 11 - Glen Echo,4918.683426069889,4.918683426069888,3.056328184695061
Station  7 - Chevy Chase,Station 18 - Kensington,7655.599913222511,7.6555999132225105,4.756969245371102
Station 26 - Bethesda,Station  8 - Gaithersburg,16124.664228029755,16.124664228029754,10.019401835797538
Station 26 - Bethesda,Station 20 - Bethesda,3041.1385597220597,3.0411385597220595,1.8896758926134247
Station 26 - Bethesda,Station 21 - Kensington,5933.888187987046,5.933888187987046,3.6871471779725438
Station 26 - Bethesda,Station 28 - Gaithersburg,14113.607359147623,14.113607359147624,8.76978903152317
Station 26 - Bethesda,Station 27 - Public Safety Training Academy,17548.638472208422,17.548638472208424,10.904218409618094
Station 26 - Bethesda,Station 30 - Cabin John,7247.975544264715,7.2479755442647145,4.503683205246805
Station 26 - Bethesda,Station 32 - Travilah,9590.403968498047,9.590403968498046,5.9592007479432905
Station 26 - Bethesda,Station 12 - Hillandale,13405.94152025499,13.40594152025499,8.330065865504821
Station 26 - Bethesda,Station 35 - Clarksburg,26562.432452817186,26.562432452817184,16.505130321930665
Station 26 - Bethesda,Station 11 - Glen Echo,6619.930645011436,6.619930645011436,4.1134341974192195
Station 26 - Bethesda,Station 18 - Kensington,8500.873818991186,8.500873818991186,5.282198099965691
Station  8 - Gaithersburg,Station 20 - Bethesda,18840.894391837563,18.840894391837562,11.707189011073805
Station  8 - Gaithersburg,Station 21 - Kensington,14505.967198001546,14.505967198001546,9.01359013237788
Station  8 - Gaithersburg,Station 28 - Gaithersburg,5463.19009077751,5.46319009077751,3.39466894012561
Station  8 - Gaithersburg,Station 27 - Public Safety Training Academy,3578.781074750125,3.578781074750125,2.2237514631738926
Station  8 - Gaithersburg,Station 30 - Cabin John,16119.004996284131,16.119004996284133,10.015885352220613
Station  8 - Gaithersburg,Station 32 - Travilah,6866.4538269450195,6.86645382694502,4.266616600891431
Station  8 - Gaithersburg,Station 12 - Hillandale,23984.262644289833,23.98426264428983,14.903129874215725
Station  8 - Gaithersburg,Station 35 - Clarksburg,10603.394625674144,10.603394625674143,6.588643960318082
Station  8 - Gaithersburg,Station 11 - Glen Echo,22673.668151373662,22.67366815137366,14.08876421161272
Station  8 - Gaithersburg,Station 18 - Kensington,17558.023456565636,17.558023456565635,10.910049968537264
Station 20 - Bethesda,Station 21 - Kensington,6536.129694754442,6.536129694754442,4.061362701047409
Station 20 - Bethesda,Station 28 - Gaithersburg,16290.569336764362,16.29056933676436,10.122490491010225
Station 20 - Bethesda,Station 27 - Public Safety Training Academy,19966.244311312486,19.966244311312487,12.406449032222126
Station 20 - Bethesda,Station 30 - Cabin John,9556.932461088958,9.556932461088959,5.938402517478524
Station 20 - Bethesda,Station 32 - Travilah,12500.706262447195,12.500706262447194,7.767578754105521
Station 20 - Bethesda,Station 12 - Hillandale,11358.436701990517,11.358436701990517,7.057805355468139
Station 20 - Bethesda,Station 35 - Clarksburg,29368.804044705303,29.368804044705303,18.24892878384317
Station 20 - Bethesda,Station 11 - Glen Echo,4668.346475910919,4.668346475910919,2.900776015513724
Station 20 - Bethesda,Station 18 - Kensington,7774.793026386912,7.774793026386912,4.831032412204546
Station 21 - Kensington,Station 28 - Gaithersburg,10703.099250700872,10.703099250700872,6.650597542042517
Station 21 - Kensington,Station 27 - Public Safety Training Academy,14709.706623333293,14.709706623333293,9.140187942002017
Station 21 - Kensington,Station 30 - Cabin John,12420.709617074011,12.420709617074012,7.717871143194998
Station 21 - Kensington,Station 32 - Travilah,9732.945430764998,9.732945430764998,6.047771906295359
Station 21 - Kensington,Station 12 - Hillandale,10079.134644390666,10.079134644390665,6.262883910705645
Station 21 - Kensington,Station 35 - Clarksburg,25042.506016258605,25.042506016258606,15.560691819933218
Station 21 - Kensington,Station 11 - Glen Echo,11203.101399460145,11.203101399460145,6.961284473338295
Station 21 - Kensington,Station 18 - Kensington,3670.090786559015,3.6700907865590153,2.28048868766343
Station 28 - Gaithersburg,Station 27 - Public Safety Training Academy,4104.108819685389,4.104108819685389,2.5501749903596673
Station 28 - Gaithersburg,Station 30 - Cabin John,16563.74721597358,16.56374721597358,10.292235355507325
Station 28 - Gaithersburg,Station 32 - Travilah,7393.979350501363,7.393979350501363,4.59440576439926
Station 28 - Gaithersburg,Station 12 - Hillandale,19275.349042944916,19.275349042944917,11.977146615605436
Station 28 - Gaithersburg,Station 35 - Clarksburg,14925.812658635654,14.925812658635653,9.274470006807528
Station 28 - Gaithersburg,Station 11 - Glen Echo,20672.697652808456,20.672697652808456,12.845418787287526
Station 28 - Gaithersburg,Station 18 - Kensington,13126.943071952186,13.126943071952185,8.156704267050541
Station 27 - Public Safety Training Academy,Station 30 - Cabin John,18771.017779513568,18.771017779513567,11.663769697164538
Station 27 - Public Safety Training Academy,Station 32 - Travilah,9249.382782413519,9.24938278241352,5.747300006967757
Station 27 - Public Safety Training Academy,Station 12 - Hillandale,23357.26887497638,23.35726887497638,14.513534008252044
Station 27 - Public Safety Training Academy,Station 35 - Clarksburg,10910.800544624972,10.910800544624971,6.7796571426773715
Station 27 - Public Safety Training Academy,Station 11 - Glen Echo,24167.452409891263,24.16745240989126,15.016958717273162
Station 27 - Public Safety Training Academy,Station 18 - Kensington,17230.17794692694,17.23017794692694,10.70633621334341
Station 30 - Cabin John,Station 32 - Travilah,9524.179291925051,9.524179291925051,5.918050641705596
Station 30 - Cabin John,Station 12 - Hillandale,20634.290437473497,20.634290437473496,12.821553650104326
Station 30 - Cabin John,Station 35 - Clarksburg,25254.833224463622,25.25483322446362,15.692625830439994
Station 30 - Cabin John,Station 11 - Glen Echo,10074.355084995084,10.074355084995084,6.2599140301856435
Station 30 - Cabin John,Station 18 - Kensington,15555.051370695048,15.555051370695049,9.665460815521758
Station 32 - Travilah,Station 12 - Hillandale,19809.53186660692,19.80953186660692,12.309072433617002
Station 32 - Travilah,Station 35 - Clarksburg,17019.532799665547,17.019532799665548,10.575447387050591
Station 32 - Travilah,Station 11 - Glen Echo,15979.487469330526,15.979487469330527,9.929193180159448
Station 32 - Travilah,Station 18 - Kensington,13328.152037474785,13.328152037474785,8.281729721846158
Station 12 - Hillandale,Station 35 - Clarksburg,34184.22101312077,34.18422101312077,21.241090166627377
Station 12 - Hillandale,Station 11 - Glen Echo,14068.178809242618,14.068178809242617,8.741561039307083
Station 12 - Hillandale,Station 18 - Kensington,6529.008898697565,6.529008898697565,4.0569380435118685
Station 35 - Clarksburg,Station 11 - Glen Echo,32998.01470472394,32.998014704723936,20.50401573853939
Station 35 - Clarksburg,Station 18 - Kensington,27910.848740856338,27.910848740856338,17.342997358461794
Station 11 - Glen Echo,Station 18 - Kensington,12049.498104762752,12.049498104762751,7.487211003217927
